init,date,value
today,2026-10-07,0.0
today,2026-10-07,50.0
2026-10-06,2026-10-06,0.0
2026-10-06,2026-10-07,0.0
2026-10-06,2026-10-08,4.2
2026-10-06,2026-10-09,8.5
2026-10-06,2026-10-10,15.6
2026-10-06,2026-10-11,18.3
2026-10-06,2026-10-12,19.4
2026-10-06,2026-10-13,20.1
2026-10-06,2026-10-14,21.6
2026-10-06,2026-10-15,27.3
2026-10-06,2026-10-16,27.3
2026-10-06,2026-10-17,33.3
2026-10-06,2026-10-18,33.6
2026-10-06,2026-10-19,33.9
2026-10-04,2026-10-04,0.2
2026-10-04,2026-10-05,0.2
2026-10-04,2026-10-06,0.2
2026-10-04,2026-10-07,0.2
2026-10-04,2026-10-08,3.2
2026-10-04,2026-10-09,11.4
2026-10-04,2026-10-10,14.0
2026-10-04,2026-10-11,15.5
2026-10-04,2026-10-12,18.5
2026-10-04,2026-10-13,18.8
2026-10-04,2026-10-14,18.8
2026-10-04,2026-10-15,23.6
2026-10-04,2026-10-16,26.0
2026-10-04,2026-10-17,26.0
2026-09-29,2026-09-29,0.0
2026-09-29,2026-09-30,0.0
2026-09-29,2026-10-01,0.0
2026-09-29,2026-10-02,0.0
2026-09-29,2026-10-03,0.0
2026-09-29,2026-10-04,0.6
2026-09-29,2026-10-05,0.6
2026-09-29,2026-10-06,0.6
2026-09-29,2026-10-07,1.2
2026-09-29,2026-10-08,1.8
2026-09-29,2026-10-09,1.8
2026-09-29,2026-10-10,6.7
2026-09-29,2026-10-11,30.5
2026-09-29,2026-10-12,30.9
2026-10-07,2026-10-07,0.0
2026-10-07,2026-10-08,0.7
2026-10-07,2026-10-09,2.7
2026-10-07,2026-10-10,2.8
2026-10-07,2026-10-11,6.7
2026-10-07,2026-10-12,13.5
2026-10-07,2026-10-13,13.5
2026-10-07,2026-10-14,13.5
2026-10-07,2026-10-15,13.5
2026-10-07,2026-10-16,13.5
2026-10-07,2026-10-17,13.5
2026-10-07,2026-10-18,13.5
2026-10-07,2026-10-19,13.5
2026-10-07,2026-10-20,13.5
2026-10-02,2026-10-02,0.0
2026-10-02,2026-10-03,0.0
2026-10-02,2026-10-04,0.0
2026-10-02,2026-10-05,0.0
2026-10-02,2026-10-06,0.0
2026-10-02,2026-10-07,12.7
2026-10-02,2026-10-08,23.4
2026-10-02,2026-10-09,23.7
2026-10-02,2026-10-10,24.9
2026-10-02,2026-10-11,25.2
2026-10-02,2026-10-12,29.1
2026-10-02,2026-10-13,30.3
2026-10-02,2026-10-14,30.3
2026-10-02,2026-10-15,30.3
2026-09-27,2026-09-27,0.0
2026-09-27,2026-09-28,0.0
2026-09-27,2026-09-29,0.0
2026-09-27,2026-09-30,0.0
2026-09-27,2026-10-01,0.0
2026-09-27,2026-10-02,0.0
2026-09-27,2026-10-03,0.0
2026-09-27,2026-10-04,0.0
2026-09-27,2026-10-05,2.7
2026-09-27,2026-10-06,2.7
2026-09-27,2026-10-07,2.7
2026-09-27,2026-10-08,2.7
2026-09-27,2026-10-09,2.7
2026-09-27,2026-10-10,2.7
2026-09-26,2026-09-26,0.0
2026-09-26,2026-09-27,0.0
2026-09-26,2026-09-28,0.0
2026-09-26,2026-09-29,0.0
2026-09-26,2026-09-30,0.0
2026-09-26,2026-10-01,0.0
2026-09-26,2026-10-02,1.5
2026-09-26,2026-10-03,1.5
2026-09-26,2026-10-04,1.5
2026-09-26,2026-10-05,1.5
2026-09-26,2026-10-06,1.5
2026-09-26,2026-10-07,1.5
2026-09-26,2026-10-08,1.5
2026-09-26,2026-10-09,1.7
2026-10-05,2026-10-05,0.0
2026-10-05,2026-10-06,0.0
2026-10-05,2026-10-07,0.0
2026-10-05,2026-10-08,8.0
2026-10-05,2026-10-09,8.7
2026-10-05,2026-10-10,10.4
2026-10-05,2026-10-11,11.3
2026-10-05,2026-10-12,22.8
2026-10-05,2026-10-13,23.9
2026-10-05,2026-10-14,23.9
2026-10-05,2026-10-15,23.9
2026-10-05,2026-10-16,23.9
2026-10-05,2026-10-17,23.9
2026-10-05,2026-10-18,23.9
2026-09-30,2026-09-30,0.0
2026-09-30,2026-10-01,0.0
2026-09-30,2026-10-02,0.0
2026-09-30,2026-10-03,0.0
2026-09-30,2026-10-04,0.0
2026-09-30,2026-10-05,0.0
2026-09-30,2026-10-06,1.4
2026-09-30,2026-10-07,5.4
2026-09-30,2026-10-08,24.4
2026-09-30,2026-10-09,24.9
2026-09-30,2026-10-10,25.8
2026-09-30,2026-10-11,25.8
2026-09-30,2026-10-12,25.8
2026-09-30,2026-10-13,27.3
2026-10-03,2026-10-03,0.0
2026-10-03,2026-10-04,0.0
2026-10-03,2026-10-05,0.0
2026-10-03,2026-10-06,0.0
2026-10-03,2026-10-07,1.8
2026-10-03,2026-10-08,5.4
2026-10-03,2026-10-09,6.3
2026-10-03,2026-10-10,10.8
2026-10-03,2026-10-11,11.4
2026-10-03,2026-10-12,13.2
2026-10-03,2026-10-13,13.2
2026-10-03,2026-10-14,13.2
2026-10-03,2026-10-15,18.0
2026-10-03,2026-10-16,18.0
2026-10-01,2026-10-01,0.0
2026-10-01,2026-10-02,0.0
2026-10-01,2026-10-03,0.0
2026-10-01,2026-10-04,0.0
2026-10-01,2026-10-05,0.0
2026-10-01,2026-10-06,0.0
2026-10-01,2026-10-07,0.3
2026-10-01,2026-10-08,0.9
2026-10-01,2026-10-09,0.9
2026-10-01,2026-10-10,2.7
2026-10-01,2026-10-11,3.6
2026-10-01,2026-10-12,3.6
2026-10-01,2026-10-13,3.6
2026-10-01,2026-10-14,4.5
2026-09-28,2026-09-28,0.0
2026-09-28,2026-09-29,0.0
2026-09-28,2026-09-30,0.0
2026-09-28,2026-10-01,0.0
2026-09-28,2026-10-02,0.0
2026-09-28,2026-10-03,0.0
2026-09-28,2026-10-04,0.0
2026-09-28,2026-10-05,0.0
2026-09-28,2026-10-06,0.0
2026-09-28,2026-10-07,0.0
2026-09-28,2026-10-08,0.0
2026-09-28,2026-10-09,0.0
2026-09-28,2026-10-10,2.4
2026-09-28,2026-10-11,2.4
2026-09-23,2026-09-23,0.0
2026-09-23,2026-09-24,1.1
2026-09-23,2026-09-25,1.1
2026-09-23,2026-09-26,1.1
2026-09-23,2026-09-27,1.1
2026-09-23,2026-09-28,1.1
2026-09-23,2026-09-29,1.1
2026-09-23,2026-09-30,1.1
2026-09-23,2026-10-01,1.1
2026-09-23,2026-10-02,1.1
2026-09-23,2026-10-03,1.1
2026-09-23,2026-10-04,1.3
2026-09-23,2026-10-05,3.2
2026-09-23,2026-10-06,3.2
2026-09-25,2026-09-25,0.5
2026-09-25,2026-09-26,0.5
2026-09-25,2026-09-27,0.5
2026-09-25,2026-09-28,0.5
2026-09-25,2026-09-29,0.5
2026-09-25,2026-09-30,0.5
2026-09-25,2026-10-01,0.5
2026-09-25,2026-10-02,2.7
2026-09-25,2026-10-03,3.8
2026-09-25,2026-10-04,5.3
2026-09-25,2026-10-05,8.9
2026-09-25,2026-10-06,12.2
2026-09-25,2026-10-07,28.7
2026-09-25,2026-10-08,28.7
2026-09-24,2026-09-24,1.4
2026-09-24,2026-09-25,1.4
2026-09-24,2026-09-26,1.4
2026-09-24,2026-09-27,1.4
2026-09-24,2026-09-28,1.4
2026-09-24,2026-09-29,1.4
2026-09-24,2026-09-30,1.4
2026-09-24,2026-10-01,2.0
2026-09-24,2026-10-02,2.0
2026-09-24,2026-10-03,2.0
2026-09-24,2026-10-04,2.0
2026-09-24,2026-10-05,3.8
2026-09-24,2026-10-06,3.8
2026-09-24,2026-10-07,3.8
